OK	119	https://ai.machind.cloud/assets/_arrayReduce-CrxnWFSq.js	assets/_arrayReduce-CrxnWFSq.js
OK	434	https://ai.machind.cloud/assets/_assignValue-0gyJADKC.js	assets/_assignValue-0gyJADKC.js
OK	6531	https://ai.machind.cloud/assets/_baseEach-CguT9JNW.js	assets/_baseEach-CguT9JNW.js
OK	4086	https://ai.machind.cloud/assets/_getAllKeys-CdiXzuET.js	assets/_getAllKeys-CdiXzuET.js
OK	94	https://ai.machind.cloud/assets/_getPrototype-lsnZMNpg.js	assets/_getPrototype-lsnZMNpg.js
OK	1138	https://ai.machind.cloud/assets/_getTag-BLhy-212.js	assets/_getTag-BLhy-212.js
OK	91	https://ai.machind.cloud/assets/_plugin-vue_export-helper-DlAUqK2U.js	assets/_plugin-vue_export-helper-DlAUqK2U.js
OK	5828	https://ai.machind.cloud/assets/addKnowledge.vue_vue_type_script_setup_true_lang-BCckZ2Kh.js	assets/addKnowledge.vue_vue_type_script_setup_true_lang-BCckZ2Kh.js
OK	2860	https://ai.machind.cloud/assets/adProduct-DWYjoi0R.js	assets/adProduct-DWYjoi0R.js
OK	2860	https://ai.machind.cloud/assets/ad-product-selected-Due_tGdo.js	assets/ad-product-selected-Due_tGdo.js
OK	16859	https://ai.machind.cloud/assets/AiBubbleWidget.vue_vue_type_style_index_0_lang-8zvFo7wu.js	assets/AiBubbleWidget.vue_vue_type_style_index_0_lang-8zvFo7wu.js
OK	18142	https://ai.machind.cloud/assets/AiBubbleWidget.vue_vue_type_style_index_0_lang-q5hzPzhe.js	assets/AiBubbleWidget.vue_vue_type_style_index_0_lang-q5hzPzhe.js
OK	1858	https://ai.machind.cloud/assets/AiBubbleWidget-Bddz4Wgw.js	assets/AiBubbleWidget-Bddz4Wgw.js
OK	1923	https://ai.machind.cloud/assets/AiBubbleWidget-BTOFlQ-o.css	assets/AiBubbleWidget-BTOFlQ-o.css
OK	1749	https://ai.machind.cloud/assets/AiBubbleWidget-BvnUGt6J.css	assets/AiBubbleWidget-BvnUGt6J.css
OK	2339	https://ai.machind.cloud/assets/AiBubbleWidget-CSnrhi4G.css	assets/AiBubbleWidget-CSnrhi4G.css
OK	487929	https://ai.machind.cloud/assets/AiBubbleWidget-D_uLV51g.js	assets/AiBubbleWidget-D_uLV51g.js
OK	1886	https://ai.machind.cloud/assets/AiBubbleWidget-DtmRUe-Z.js	assets/AiBubbleWidget-DtmRUe-Z.js
OK	73455	https://ai.machind.cloud/assets/animate-BaVkx4tQ.css	assets/animate-BaVkx4tQ.css
OK	2759	https://ai.machind.cloud/assets/animate-BMM9O1O_.js	assets/animate-BMM9O1O_.js
OK	4576	https://ai.machind.cloud/assets/articleDetail-BXZ2ZJ_k.js	assets/articleDetail-BXZ2ZJ_k.js
OK	499	https://ai.machind.cloud/assets/articleDetail-mwAhuBzx.css	assets/articleDetail-mwAhuBzx.css
OK	57	https://ai.machind.cloud/assets/avatarSvg-JOS1h6Tv.js	assets/avatarSvg-JOS1h6Tv.js
OK	4367	https://ai.machind.cloud/assets/BaseInput-sHK3aqp_.js	assets/BaseInput-sHK3aqp_.js
OK	51	https://ai.machind.cloud/assets/bg1-Bw_b1y87.js	assets/bg1-Bw_b1y87.js
OK	102703	https://ai.machind.cloud/assets/bg-D5N9MOwB.png	assets/bg-D5N9MOwB.png
OK	3180	https://ai.machind.cloud/assets/bindForm.vue_vue_type_script_setup_true_lang-DkPkvjU9.js	assets/bindForm.vue_vue_type_script_setup_true_lang-DkPkvjU9.js
OK	295	https://ai.machind.cloud/assets/bindIdentity-CtldGFn7.js	assets/bindIdentity-CtldGFn7.js
OK	1702	https://ai.machind.cloud/assets/bindIdentity-Dpi5z2QC.css	assets/bindIdentity-Dpi5z2QC.css
OK	1632	https://ai.machind.cloud/assets/bindIdentity-DrXtFkb7.js	assets/bindIdentity-DrXtFkb7.js
OK	2158	https://ai.machind.cloud/assets/bindSuccess-B04J_dXq.js	assets/bindSuccess-B04J_dXq.js
OK	99	https://ai.machind.cloud/assets/bindSuccess-CfY_grnP.css	assets/bindSuccess-CfY_grnP.css
OK	1203	https://ai.machind.cloud/assets/BulbOutlined-476N4voq.js	assets/BulbOutlined-476N4voq.js
OK	2615	https://ai.machind.cloud/assets/chart-proportion-DjZbmnP4.js	assets/chart-proportion-DjZbmnP4.js
OK	1619	https://ai.machind.cloud/assets/chatCard-B4_2-LO-.css	assets/chatCard-B4_2-LO-.css
OK	4700	https://ai.machind.cloud/assets/chatCard-DFkp6jEw.js	assets/chatCard-DFkp6jEw.js
OK	15215	https://ai.machind.cloud/assets/ChatSender-BJNrCJfr.js	assets/ChatSender-BJNrCJfr.js
OK	870	https://ai.machind.cloud/assets/ChatSender-Cw3iHnsI.css	assets/ChatSender-Cw3iHnsI.css
OK	800	https://ai.machind.cloud/assets/ChatSender-D7oEEJ28.css	assets/ChatSender-D7oEEJ28.css
OK	10393	https://ai.machind.cloud/assets/ChatSender-D8mKxxbn.js	assets/ChatSender-D8mKxxbn.js
OK	24346	https://ai.machind.cloud/assets/ChatSender-Dn26fUUK.js	assets/ChatSender-Dn26fUUK.js
OK	1208	https://ai.machind.cloud/assets/ChatSender-oVl3iIKK.css	assets/ChatSender-oVl3iIKK.css
OK	966	https://ai.machind.cloud/assets/CheckOutlined-Blhb34YU.js	assets/CheckOutlined-Blhb34YU.js
OK	1156	https://ai.machind.cloud/assets/ClockCircleOutlined-3BcqjeOW.js	assets/ClockCircleOutlined-3BcqjeOW.js
OK	4833	https://ai.machind.cloud/assets/cloneDeep-C0NnvoKV.js	assets/cloneDeep-C0NnvoKV.js
OK	8453	https://ai.machind.cloud/assets/CollapseItem-BcqVCZT_.js	assets/CollapseItem-BcqVCZT_.js
OK	1800	https://ai.machind.cloud/assets/collapseMotion-BkNaMiKs.js	assets/collapseMotion-BkNaMiKs.js
OK	2196	https://ai.machind.cloud/assets/const-Bm5WYvM5.js	assets/const-Bm5WYvM5.js
OK	2068	https://ai.machind.cloud/assets/const--kprOu_l.js	assets/const--kprOu_l.js
OK	4244	https://ai.machind.cloud/assets/const-S2fcSPeu.js	assets/const-S2fcSPeu.js
OK	10315	https://ai.machind.cloud/assets/const-UVvZYkM0.js	assets/const-UVvZYkM0.js
OK	1632	https://ai.machind.cloud/assets/copy-BtWgH20-.js	assets/copy-BtWgH20-.js
OK	1155	https://ai.machind.cloud/assets/CopyOutlined-By5_GOuJ.js	assets/CopyOutlined-By5_GOuJ.js
OK	92	https://ai.machind.cloud/assets/crown-44nK8nBc.js	assets/crown-44nK8nBc.js
OK	13245	https://ai.machind.cloud/assets/dateUtil-gcEDVLaI.js	assets/dateUtil-gcEDVLaI.js
OK	1549	https://ai.machind.cloud/assets/debounce-DYiIQOZg.js	assets/debounce-DYiIQOZg.js
OK	57	https://ai.machind.cloud/assets/deepThink-CMHwSevr.js	assets/deepThink-CMHwSevr.js
OK	21114	https://ai.machind.cloud/assets/defaultKHImg-00ww47Ok.js	assets/defaultKHImg-00ww47Ok.js
OK	994	https://ai.machind.cloud/assets/defaultKHImg-8rHCKFxB.css	assets/defaultKHImg-8rHCKFxB.css
OK	1301	https://ai.machind.cloud/assets/defaultModel-CLoiI0yU.js	assets/defaultModel-CLoiI0yU.js
OK	1123	https://ai.machind.cloud/assets/DeleteOutlined-BTGAmf8M.js	assets/DeleteOutlined-BTGAmf8M.js
OK	1089	https://ai.machind.cloud/assets/DownloadOutlined-Co5AH1VL.js	assets/DownloadOutlined-Co5AH1VL.js
OK	965	https://ai.machind.cloud/assets/DownOutlined-BO0odWzY.js	assets/DownOutlined-BO0odWzY.js
OK	3155	https://ai.machind.cloud/assets/Dropdown-B9hNMiM5.js	assets/Dropdown-B9hNMiM5.js
OK	12896	https://ai.machind.cloud/assets/dropdown-CI7Fta2Z.js	assets/dropdown-CI7Fta2Z.js
OK	134	https://ai.machind.cloud/assets/eagerComputed-N3anUWNp.js	assets/eagerComputed-N3anUWNp.js
OK	2733	https://ai.machind.cloud/assets/Ellipsis-yGXTyxrl.js	assets/Ellipsis-yGXTyxrl.js
OK	5689	https://ai.machind.cloud/assets/en-US-CfW1V9i1.js	assets/en-US-CfW1V9i1.js
OK	4249	https://ai.machind.cloud/assets/expertDetail-BUdobqF6.js	assets/expertDetail-BUdobqF6.js
OK	157	https://ai.machind.cloud/assets/expertDetail-CmWSd0u3.css	assets/expertDetail-CmWSd0u3.css
OK	3412	https://ai.machind.cloud/assets/Eye-D1bcvv9k.js	assets/Eye-D1bcvv9k.js
OK	1255	https://ai.machind.cloud/assets/EyeOutlined-9afgyKwd.js	assets/EyeOutlined-9afgyKwd.js
OK	52	https://ai.machind.cloud/assets/fail-BkrEp6Hm.js	assets/fail-BkrEp6Hm.js
OK	1835	https://ai.machind.cloud/assets/fail-eqy0uFzR.js	assets/fail-eqy0uFzR.js
OK	0	https://ai.machind.cloud/assets/fail-tn0RQdqM.css	assets/fail-tn0RQdqM.css
OK	4595	https://ai.machind.cloud/assets/FeedBack.vue_vue_type_script_setup_true_lang-tRhHnr_6.js	assets/FeedBack.vue_vue_type_script_setup_true_lang-tRhHnr_6.js
OK	40083	https://ai.machind.cloud/assets/FeedBack-7cKjB-q6.js	assets/FeedBack-7cKjB-q6.js
OK	226	https://ai.machind.cloud/assets/FeedBack-BabWHMkN.css	assets/FeedBack-BabWHMkN.css
OK	4218	https://ai.machind.cloud/assets/FeedBack-D-L3Freh.js	assets/FeedBack-D-L3Freh.js
OK	226	https://ai.machind.cloud/assets/FeedBack-D-YnXrKw.css	assets/FeedBack-D-YnXrKw.css
OK	226	https://ai.machind.cloud/assets/FeedBack-J1KEH8WQ.css	assets/FeedBack-J1KEH8WQ.css
OK	4218	https://ai.machind.cloud/assets/FeedBack-veZuREVF.js	assets/FeedBack-veZuREVF.js
OK	8251	https://ai.machind.cloud/assets/FocusDetector-DIDAf4C_.js	assets/FocusDetector-DIDAf4C_.js
OK	2041	https://ai.machind.cloud/assets/FolderOutlined-DEH22sr2.js	assets/FolderOutlined-DEH22sr2.js
OK	1482	https://ai.machind.cloud/assets/foundingDate-CkEc_uBM.js	assets/foundingDate-CkEc_uBM.js
OK	1310	https://ai.machind.cloud/assets/github-BfC0goYb.css	assets/github-BfC0goYb.css
OK	2469	https://ai.machind.cloud/assets/github-BGUHm6zw.js	assets/github-BGUHm6zw.js
OK	52578	https://ai.machind.cloud/assets/grid-5hQHyaee.css	assets/grid-5hQHyaee.css
OK	129	https://ai.machind.cloud/assets/happens-in-CM8LO42l.js	assets/happens-in-CM8LO42l.js
OK	3092	https://ai.machind.cloud/assets/hasIn-67fUV0Pb.js	assets/hasIn-67fUV0Pb.js
OK	788	https://ai.machind.cloud/assets/history-CH0wqch9.css	assets/history-CH0wqch9.css
OK	5123	https://ai.machind.cloud/assets/history-DxyaCO0d.js	assets/history-DxyaCO0d.js
OK	3083	https://ai.machind.cloud/assets/home-bg-bzWXiut6.js	assets/home-bg-bzWXiut6.js
OK	4526	https://ai.machind.cloud/assets/icon-word-kO28zmN8.js	assets/icon-word-kO28zmN8.js
OK	21075	https://ai.machind.cloud/assets/ImagePreview-DeDLM5-a.js	assets/ImagePreview-DeDLM5-a.js
OK	7513	https://ai.machind.cloud/assets/index.vue_vue_type_style_index_0_lang-BAiu9963.js	assets/index.vue_vue_type_style_index_0_lang-BAiu9963.js
OK	103	https://ai.machind.cloud/assets/index_copy-Dcj-mu56.css	assets/index_copy-Dcj-mu56.css
OK	9970	https://ai.machind.cloud/assets/index_copy-DlYgqI4h.js	assets/index_copy-DlYgqI4h.js
OK	18558	https://ai.machind.cloud/assets/index-0UTtOeCa.js	assets/index-0UTtOeCa.js
OK	232	https://ai.machind.cloud/assets/index-1s1b7xDo.js	assets/index-1s1b7xDo.js
OK	315	https://ai.machind.cloud/assets/index-2c4-lnRO.js	assets/index-2c4-lnRO.js
OK	3355	https://ai.machind.cloud/assets/index-7vshPLUe.css	assets/index-7vshPLUe.css
OK	1733	https://ai.machind.cloud/assets/index-aJbvsqde.css	assets/index-aJbvsqde.css
OK	5939	https://ai.machind.cloud/assets/index-AN8A48QH.js	assets/index-AN8A48QH.js
OK	103121	https://ai.machind.cloud/assets/index-B3-BI-td.js	assets/index-B3-BI-td.js
OK	17591	https://ai.machind.cloud/assets/index-B44NumT5.js	assets/index-B44NumT5.js
OK	13589	https://ai.machind.cloud/assets/index-B4EERq-t.js	assets/index-B4EERq-t.js
OK	1635	https://ai.machind.cloud/assets/index-B6GnrN3J.js	assets/index-B6GnrN3J.js
OK	390	https://ai.machind.cloud/assets/index-B6kcRKyT.css	assets/index-B6kcRKyT.css
OK	105185	https://ai.machind.cloud/assets/index-B7oB7wPQ.js	assets/index-B7oB7wPQ.js
OK	218	https://ai.machind.cloud/assets/index-BaOoZm11.css	assets/index-BaOoZm11.css
OK	34996	https://ai.machind.cloud/assets/index-BB631mwa.js	assets/index-BB631mwa.js
OK	59528	https://ai.machind.cloud/assets/index-BdTa2o1R.js	assets/index-BdTa2o1R.js
OK	280	https://ai.machind.cloud/assets/index-BFB322XK.css	assets/index-BFB322XK.css
OK	363	https://ai.machind.cloud/assets/index-BfrQBbcV.css	assets/index-BfrQBbcV.css
OK	10594	https://ai.machind.cloud/assets/index-BhftCfya.js	assets/index-BhftCfya.js
OK	487	https://ai.machind.cloud/assets/index-BluTv7pe.js	assets/index-BluTv7pe.js
OK	664	https://ai.machind.cloud/assets/index-BlVMzpOH.css	assets/index-BlVMzpOH.css
OK	2182	https://ai.machind.cloud/assets/index-BMA0deSP.js	assets/index-BMA0deSP.js
OK	8914	https://ai.machind.cloud/assets/index-BMmF-SAC.css	assets/index-BMmF-SAC.css
OK	42474	https://ai.machind.cloud/assets/index-Bnw9DsUc.js	assets/index-Bnw9DsUc.js
OK	541	https://ai.machind.cloud/assets/index-BOxBItSB.css	assets/index-BOxBItSB.css
OK	328	https://ai.machind.cloud/assets/index-BppPe6-Q.js	assets/index-BppPe6-Q.js
OK	1241	https://ai.machind.cloud/assets/index-BPWWyNYe.css	assets/index-BPWWyNYe.css
OK	21936	https://ai.machind.cloud/assets/index-BQUinRAf.js	assets/index-BQUinRAf.js
OK	17961	https://ai.machind.cloud/assets/index-BSFW4Ay1.js	assets/index-BSFW4Ay1.js
OK	15189	https://ai.machind.cloud/assets/index-BtiXnjyR.js	assets/index-BtiXnjyR.js
OK	1935	https://ai.machind.cloud/assets/index-BuNAfsPA.css	assets/index-BuNAfsPA.css
OK	14286	https://ai.machind.cloud/assets/index-BvidQZrn.js	assets/index-BvidQZrn.js
OK	33794	https://ai.machind.cloud/assets/index-Bw_GVZhQ.js	assets/index-Bw_GVZhQ.js
OK	5190	https://ai.machind.cloud/assets/index-BX1CgVxg.js	assets/index-BX1CgVxg.js
OK	795	https://ai.machind.cloud/assets/index-BX7-Ebum.js	assets/index-BX7-Ebum.js
OK	138	https://ai.machind.cloud/assets/index-C0v6-WMQ.js	assets/index-C0v6-WMQ.js
OK	1279	https://ai.machind.cloud/assets/index-C2TtZlK3.css	assets/index-C2TtZlK3.css
OK	249	https://ai.machind.cloud/assets/index-C2YbGHTC.css	assets/index-C2YbGHTC.css
OK	15319	https://ai.machind.cloud/assets/index-C5UYYy8f.css	assets/index-C5UYYy8f.css
OK	1268	https://ai.machind.cloud/assets/index-C7H21fSF.css	assets/index-C7H21fSF.css
OK	37138	https://ai.machind.cloud/assets/index-C97szJ-5.js	assets/index-C97szJ-5.js
OK	2480	https://ai.machind.cloud/assets/index-C9iLwUHY.css	assets/index-C9iLwUHY.css
OK	2182	https://ai.machind.cloud/assets/index-CAnaQGuq.js	assets/index-CAnaQGuq.js
OK	15277	https://ai.machind.cloud/assets/index-Cc8LT2Vm.js	assets/index-Cc8LT2Vm.js
OK	379	https://ai.machind.cloud/assets/index-CfoU-KmA.css	assets/index-CfoU-KmA.css
OK	13442	https://ai.machind.cloud/assets/index-CFXjtozP.js	assets/index-CFXjtozP.js
OK	438	https://ai.machind.cloud/assets/index-Cgcgmn2-.css	assets/index-Cgcgmn2-.css
OK	22213	https://ai.machind.cloud/assets/index-Ch-llQ6P.js	assets/index-Ch-llQ6P.js
OK	62045	https://ai.machind.cloud/assets/index-CIjMkBwj.js	assets/index-CIjMkBwj.js
OK	10031	https://ai.machind.cloud/assets/index-Cmx2_Zee.js	assets/index-Cmx2_Zee.js
OK	664	https://ai.machind.cloud/assets/index-Cp1kn7qq.css	assets/index-Cp1kn7qq.css
OK	1240129	https://ai.machind.cloud/assets/index-CP4RZoLH.js	assets/index-CP4RZoLH.js
OK	6064	https://ai.machind.cloud/assets/index-CPXICCKn.js	assets/index-CPXICCKn.js
OK	13231	https://ai.machind.cloud/assets/index-C-QTmS5i.js	assets/index-C-QTmS5i.js
OK	10337	https://ai.machind.cloud/assets/index-Ctqmw0pN.js	assets/index-Ctqmw0pN.js
OK	12384	https://ai.machind.cloud/assets/index-CWFKoI1M.css	assets/index-CWFKoI1M.css
OK	15414	https://ai.machind.cloud/assets/index-CwTwoBPe.js	assets/index-CwTwoBPe.js
OK	15313	https://ai.machind.cloud/assets/index-CXVfuVu9.js	assets/index-CXVfuVu9.js
OK	3525	https://ai.machind.cloud/assets/index-Cz-4C0AJ.js	assets/index-Cz-4C0AJ.js
OK	23773	https://ai.machind.cloud/assets/index-CzGp3Mtn.js	assets/index-CzGp3Mtn.js
OK	379	https://ai.machind.cloud/assets/index-CzNzLcOR.css	assets/index-CzNzLcOR.css
OK	248	https://ai.machind.cloud/assets/index-D_K-S4c0.css	assets/index-D_K-S4c0.css
OK	12224	https://ai.machind.cloud/assets/index-D051vN8s.js	assets/index-D051vN8s.js
OK	249	https://ai.machind.cloud/assets/index-D3PbR4h7.css	assets/index-D3PbR4h7.css
OK	12871	https://ai.machind.cloud/assets/index-D5CKjbdA.js	assets/index-D5CKjbdA.js
OK	9749	https://ai.machind.cloud/assets/index-D7nbmJ6y.js	assets/index-D7nbmJ6y.js
OK	379	https://ai.machind.cloud/assets/index-D8_YwnAN.css	assets/index-D8_YwnAN.css
OK	421	https://ai.machind.cloud/assets/index-Da8QjsDJ.js	assets/index-Da8QjsDJ.js
OK	8392	https://ai.machind.cloud/assets/index-DAf5_Huk.js	assets/index-DAf5_Huk.js
OK	98406	https://ai.machind.cloud/assets/index-DAl-QtMZ.js	assets/index-DAl-QtMZ.js
OK	2193	https://ai.machind.cloud/assets/index-DdFAZamH.js	assets/index-DdFAZamH.js
OK	47560	https://ai.machind.cloud/assets/index-DdnP-cOr.js	assets/index-DdnP-cOr.js
OK	14139	https://ai.machind.cloud/assets/index-DffxnjY6.js	assets/index-DffxnjY6.js
OK	379	https://ai.machind.cloud/assets/index-DG1CvcEd.css	assets/index-DG1CvcEd.css
OK	232	https://ai.machind.cloud/assets/index-DG-jztJA.js	assets/index-DG-jztJA.js
OK	55229	https://ai.machind.cloud/assets/index-DIaBTvXO.js	assets/index-DIaBTvXO.js
OK	77389	https://ai.machind.cloud/assets/index-DJ2o84LN.js	assets/index-DJ2o84LN.js
OK	2323	https://ai.machind.cloud/assets/index-Dj5-9c6r.js	assets/index-Dj5-9c6r.js
OK	54266	https://ai.machind.cloud/assets/index-DLrohc15.js	assets/index-DLrohc15.js
OK	4741	https://ai.machind.cloud/assets/index-DmedMIVY.js	assets/index-DmedMIVY.js
OK	7547720	https://ai.machind.cloud/assets/index-DNI4gGMZ.js	assets/index-DNI4gGMZ.js
OK	3790	https://ai.machind.cloud/assets/index-DoBrAbQS.css	assets/index-DoBrAbQS.css
OK	888	https://ai.machind.cloud/assets/index-DOuRPzvL.css	assets/index-DOuRPzvL.css
OK	13667	https://ai.machind.cloud/assets/index-DPNSVy3d.js	assets/index-DPNSVy3d.js
OK	524	https://ai.machind.cloud/assets/index-DqjyNFh5.js	assets/index-DqjyNFh5.js
OK	43437	https://ai.machind.cloud/assets/index-DQrOGIap.css	assets/index-DQrOGIap.css
OK	36020	https://ai.machind.cloud/assets/index-Dr5uUJuN.js	assets/index-Dr5uUJuN.js
OK	41801	https://ai.machind.cloud/assets/index-DrrLyQkN.js	assets/index-DrrLyQkN.js
OK	8749	https://ai.machind.cloud/assets/index-DRzWA1MY.js	assets/index-DRzWA1MY.js
OK	554	https://ai.machind.cloud/assets/index-Ds1LGTFb.css	assets/index-Ds1LGTFb.css
OK	581	https://ai.machind.cloud/assets/index-Dt_2MXHU.js	assets/index-Dt_2MXHU.js
OK	379	https://ai.machind.cloud/assets/index-Dt-Ae3iO.css	assets/index-Dt-Ae3iO.css
OK	1005	https://ai.machind.cloud/assets/index-DucizH9s.css	assets/index-DucizH9s.css
OK	1935	https://ai.machind.cloud/assets/index-DVbyzr88.css	assets/index-DVbyzr88.css
OK	554	https://ai.machind.cloud/assets/index-DvGyxXrG.css	assets/index-DvGyxXrG.css
OK	314140	https://ai.machind.cloud/assets/index-DvnBdKl7.js	assets/index-DvnBdKl7.js
OK	2196	https://ai.machind.cloud/assets/index-Dx6atR8l.js	assets/index-Dx6atR8l.js
OK	176177	https://ai.machind.cloud/assets/index-DXE3-9Mb.js	assets/index-DXE3-9Mb.js
OK	2735	https://ai.machind.cloud/assets/index-DYpbuxsx.js	assets/index-DYpbuxsx.js
OK	8723	https://ai.machind.cloud/assets/index-E2jV54TK.js	assets/index-E2jV54TK.js
OK	1055	https://ai.machind.cloud/assets/index-edpXAluf.js	assets/index-edpXAluf.js
OK	102295	https://ai.machind.cloud/assets/index-eNV4dmn3.js	assets/index-eNV4dmn3.js
OK	6150	https://ai.machind.cloud/assets/index-eoCmbN5J.js	assets/index-eoCmbN5J.js
OK	19076	https://ai.machind.cloud/assets/index-eTgurq2g.js	assets/index-eTgurq2g.js
OK	6943	https://ai.machind.cloud/assets/index-exemFgBq.js	assets/index-exemFgBq.js
OK	3633	https://ai.machind.cloud/assets/index-F3i-8K33.css	assets/index-F3i-8K33.css
OK	1376	https://ai.machind.cloud/assets/index-gvgTFqK7.js	assets/index-gvgTFqK7.js
OK	362	https://ai.machind.cloud/assets/index-HqQ33diV.css	assets/index-HqQ33diV.css
OK	75473	https://ai.machind.cloud/assets/index-Inm_96Um.js	assets/index-Inm_96Um.js
OK	2438	https://ai.machind.cloud/assets/index-koWUq8GW.css	assets/index-koWUq8GW.css
OK	726	https://ai.machind.cloud/assets/index-lbWbJvMP.js	assets/index-lbWbJvMP.js
OK	68276	https://ai.machind.cloud/assets/index-Nkt8BB7u.js	assets/index-Nkt8BB7u.js
OK	1549	https://ai.machind.cloud/assets/index-NV2B7Ass.css	assets/index-NV2B7Ass.css
OK	28016	https://ai.machind.cloud/assets/index-o4kCb7GY.js	assets/index-o4kCb7GY.js
OK	664	https://ai.machind.cloud/assets/index-PZ823bkK.css	assets/index-PZ823bkK.css
OK	7683	https://ai.machind.cloud/assets/index-qVPnIDxR.js	assets/index-qVPnIDxR.js
OK	29461	https://ai.machind.cloud/assets/index-REO-1vwO.js	assets/index-REO-1vwO.js
OK	6457	https://ai.machind.cloud/assets/index-Tn8ZFJpf.js	assets/index-Tn8ZFJpf.js
OK	2182	https://ai.machind.cloud/assets/index-U4QhKmhG.js	assets/index-U4QhKmhG.js
OK	710	https://ai.machind.cloud/assets/index-x7WysKWD.css	assets/index-x7WysKWD.css
OK	18470	https://ai.machind.cloud/assets/index-XtdAzyZG.js	assets/index-XtdAzyZG.js
OK	12021	https://ai.machind.cloud/assets/index-xXzniQ5k.js	assets/index-xXzniQ5k.js
OK	11465	https://ai.machind.cloud/assets/index-yCpdZk0H.js	assets/index-yCpdZk0H.js
OK	5784	https://ai.machind.cloud/assets/industrialManager-78-CFohY.js	assets/industrialManager-78-CFohY.js
OK	911	https://ai.machind.cloud/assets/industrialManager-BJTaN3qb.css	assets/industrialManager-BJTaN3qb.css
OK	1415	https://ai.machind.cloud/assets/InfoCircleTwoTone-DsqSH9qd.js	assets/InfoCircleTwoTone-DsqSH9qd.js
OK	7466	https://ai.machind.cloud/assets/information-Br8AsEmZ.js	assets/information-Br8AsEmZ.js
OK	878	https://ai.machind.cloud/assets/information-COfr1ufk.css	assets/information-COfr1ufk.css
OK	499	https://ai.machind.cloud/assets/informationDetail-CQgySaYD.css	assets/informationDetail-CQgySaYD.css
OK	4892	https://ai.machind.cloud/assets/informationDetail-D93Trh3Q.js	assets/informationDetail-D93Trh3Q.js
OK	34884	https://ai.machind.cloud/assets/Input-XooCejiV.js	assets/Input-XooCejiV.js
OK	173	https://ai.machind.cloud/assets/is-CLMHwnDu.js	assets/is-CLMHwnDu.js
OK	2101	https://ai.machind.cloud/assets/isMobile-BbN7I0i_.js	assets/isMobile-BbN7I0i_.js
OK	400	https://ai.machind.cloud/assets/isPlainObject-CLQ6hDrr.js	assets/isPlainObject-CLQ6hDrr.js
OK	137	https://ai.machind.cloud/assets/isSymbol-WRdRHk7K.js	assets/isSymbol-WRdRHk7K.js
OK	820	https://ai.machind.cloud/assets/journals-aOkBvrQq.css	assets/journals-aOkBvrQq.css
OK	9591	https://ai.machind.cloud/assets/journals-Biw0oXk9.js	assets/journals-Biw0oXk9.js
OK	26232	https://ai.machind.cloud/assets/journals-CKAm2BCJ.js	assets/journals-CKAm2BCJ.js
OK	34414	https://ai.machind.cloud/assets/journals-C-OWcuqP.js	assets/journals-C-OWcuqP.js
OK	10928	https://ai.machind.cloud/assets/journalsDetail-CMjyTpXd.js	assets/journalsDetail-CMjyTpXd.js
OK	641	https://ai.machind.cloud/assets/journalsDetail-CRfMw2pt.css	assets/journalsDetail-CRfMw2pt.css
OK	1070	https://ai.machind.cloud/assets/journals-NsLX0SoM.css	assets/journals-NsLX0SoM.css
OK	1640	https://ai.machind.cloud/assets/journals-PYXW1Jsv.css	assets/journals-PYXW1Jsv.css
OK	28813	https://ai.machind.cloud/assets/katex-DVneG3Rq.css	assets/katex-DVneG3Rq.css
OK	249	https://ai.machind.cloud/assets/knowledgeQA-E6jJoo1J.css	assets/knowledgeQA-E6jJoo1J.css
OK	5998	https://ai.machind.cloud/assets/knowledgeQA-Puthovkm.js	assets/knowledgeQA-Puthovkm.js
OK	961	https://ai.machind.cloud/assets/LeftOutlined-BkwOg5VS.js	assets/LeftOutlined-BkwOg5VS.js
OK	1476	https://ai.machind.cloud/assets/LinksList-aZqwQku6.js	assets/LinksList-aZqwQku6.js
OK	459	https://ai.machind.cloud/assets/LinksList-CCfO_v_8.css	assets/LinksList-CCfO_v_8.css
OK	459	https://ai.machind.cloud/assets/LinksList-CLI-8Rn3.css	assets/LinksList-CLI-8Rn3.css
OK	2328	https://ai.machind.cloud/assets/LinksList-DAyGMxVp.js	assets/LinksList-DAyGMxVp.js
OK	1476	https://ai.machind.cloud/assets/LinksList-DiPgeEWc.js	assets/LinksList-DiPgeEWc.js
OK	459	https://ai.machind.cloud/assets/LinksList-DIqOE4nV.css	assets/LinksList-DIqOE4nV.css
OK	277	https://ai.machind.cloud/assets/map-nLALYoUI.js	assets/map-nLALYoUI.js
OK	3249	https://ai.machind.cloud/assets/mingm-DRCC8v7x.js	assets/mingm-DRCC8v7x.js
OK	1105	https://ai.machind.cloud/assets/model-detail-Cv8SwkJi.js	assets/model-detail-Cv8SwkJi.js
OK	60	https://ai.machind.cloud/assets/model-select-DEcTvikk.js	assets/model-select-DEcTvikk.js
OK	853	https://ai.machind.cloud/assets/more-gh8X8_fH.js	assets/more-gh8X8_fH.js
OK	1947	https://ai.machind.cloud/assets/move-DGy0l9Tu.js	assets/move-DGy0l9Tu.js
OK	9400	https://ai.machind.cloud/assets/noData-_h57_c_L.js	assets/noData-_h57_c_L.js
OK	227	https://ai.machind.cloud/assets/operationUnit-vCu2co3e.js	assets/operationUnit-vCu2co3e.js
OK	1915800	https://ai.machind.cloud/assets/PangMenZhengDao-Regular-BlHag-sI.ttf	assets/PangMenZhengDao-Regular-BlHag-sI.ttf
OK	1219	https://ai.machind.cloud/assets/p-CC5AkjPf.js	assets/p-CC5AkjPf.js
OK	1778890	https://ai.machind.cloud/assets/pdfPreview-C78FbSiQ.js	assets/pdfPreview-C78FbSiQ.js
OK	1718	https://ai.machind.cloud/assets/pdfPreview-CkmeTEmV.css	assets/pdfPreview-CkmeTEmV.css
OK	77493	https://ai.machind.cloud/assets/pick-attrs-C-HgDET8.js	assets/pick-attrs-C-HgDET8.js
OK	29779	https://ai.machind.cloud/assets/Popover-3o8y8RWm.js	assets/Popover-3o8y8RWm.js
OK	2310	https://ai.machind.cloud/assets/PromptWidget.vue_vue_type_style_index_0_lang-8YsW-4zu.js	assets/PromptWidget.vue_vue_type_style_index_0_lang-8YsW-4zu.js
OK	2308	https://ai.machind.cloud/assets/PromptWidget.vue_vue_type_style_index_0_lang-B9jNOQuj.js	assets/PromptWidget.vue_vue_type_style_index_0_lang-B9jNOQuj.js
OK	2308	https://ai.machind.cloud/assets/PromptWidget.vue_vue_type_style_index_0_lang-Dus7vkF5.js	assets/PromptWidget.vue_vue_type_style_index_0_lang-Dus7vkF5.js
OK	301	https://ai.machind.cloud/assets/PromptWidget-BED2YDaZ.js	assets/PromptWidget-BED2YDaZ.js
OK	420	https://ai.machind.cloud/assets/PromptWidget-CpmA-hSd.js	assets/PromptWidget-CpmA-hSd.js
OK	177	https://ai.machind.cloud/assets/PromptWidget-dVsp8EIq.css	assets/PromptWidget-dVsp8EIq.css
OK	301	https://ai.machind.cloud/assets/PromptWidget-ZvOIEbvk.js	assets/PromptWidget-ZvOIEbvk.js
OK	22636	https://ai.machind.cloud/assets/purify.es-B9ZVCkUG.js	assets/purify.es-B9ZVCkUG.js
OK	701	https://ai.machind.cloud/assets/QuoteDrawer-41NvppTx.css	assets/QuoteDrawer-41NvppTx.css
OK	701	https://ai.machind.cloud/assets/QuoteDrawer-B8eM4_xK.css	assets/QuoteDrawer-B8eM4_xK.css
OK	3276	https://ai.machind.cloud/assets/QuoteDrawer-C2qli2PI.js	assets/QuoteDrawer-C2qli2PI.js
OK	3276	https://ai.machind.cloud/assets/QuoteDrawer-CGjQG034.js	assets/QuoteDrawer-CGjQG034.js
OK	3278	https://ai.machind.cloud/assets/QuoteDrawer-CmBJmqbF.js	assets/QuoteDrawer-CmBJmqbF.js
OK	701	https://ai.machind.cloud/assets/QuoteDrawer-iONCn8qs.css	assets/QuoteDrawer-iONCn8qs.css
OK	604556	https://ai.machind.cloud/assets/ReportPanel-DfxlfSMG.js	assets/ReportPanel-DfxlfSMG.js
OK	832	https://ai.machind.cloud/assets/ReportPanel-gF8ko-Qi.css	assets/ReportPanel-gF8ko-Qi.css
OK	7340	https://ai.machind.cloud/assets/reportQA-BBzhNE-D.js	assets/reportQA-BBzhNE-D.js
OK	243	https://ai.machind.cloud/assets/reportQA-LQMUn-3l.css	assets/reportQA-LQMUn-3l.css
OK	1028	https://ai.machind.cloud/assets/responsiveObserve-Bvi3kaM9.js	assets/responsiveObserve-Bvi3kaM9.js
OK	964	https://ai.machind.cloud/assets/RightOutlined-Crqhby8_.js	assets/RightOutlined-Crqhby8_.js
OK	53	https://ai.machind.cloud/assets/robot-Bqqpo38R.js	assets/robot-Bqqpo38R.js
OK	890	https://ai.machind.cloud/assets/search_icon-BEJFklAn.js	assets/search_icon-BEJFklAn.js
OK	1296	https://ai.machind.cloud/assets/SearchOutlined-CSBYDaBs.js	assets/SearchOutlined-CSBYDaBs.js
OK	693	https://ai.machind.cloud/assets/select-right-CWMB0QZx.js	assets/select-right-CWMB0QZx.js
OK	4132	https://ai.machind.cloud/assets/send_hover-xGEnIoNl.js	assets/send_hover-xGEnIoNl.js
OK	1412	https://ai.machind.cloud/assets/ShareAltOutlined-D9ZkPj5C.js	assets/ShareAltOutlined-D9ZkPj5C.js
OK	1604	https://ai.machind.cloud/assets/sharedKnowledge-BAMQAtm3.js	assets/sharedKnowledge-BAMQAtm3.js
OK	8590	https://ai.machind.cloud/assets/slide-C9S7fIW9.js	assets/slide-C9S7fIW9.js
OK	4695	https://ai.machind.cloud/assets/Split-Dq4AZ698.js	assets/Split-Dq4AZ698.js
OK	20650	https://ai.machind.cloud/assets/star-C3HmEQSA.js	assets/star-C3HmEQSA.js
OK	1133	https://ai.machind.cloud/assets/StarFilled-BNyw6g0P.js	assets/StarFilled-BNyw6g0P.js
OK	2887	https://ai.machind.cloud/assets/subscribed-Jm7Vth6z.js	assets/subscribed-Jm7Vth6z.js
OK	2643	https://ai.machind.cloud/assets/success-BcGoEcjS.js	assets/success-BcGoEcjS.js
OK	69582	https://ai.machind.cloud/assets/successBg-q8TAQFh1.png	assets/successBg-q8TAQFh1.png
OK	55	https://ai.machind.cloud/assets/success-Df0HZF2Z.js	assets/success-Df0HZF2Z.js
OK	1091	https://ai.machind.cloud/assets/SwapOutlined-COnemqvO.js	assets/SwapOutlined-COnemqvO.js
OK	103984	https://ai.machind.cloud/assets/swiper-vue-DkpHe1jD.js	assets/swiper-vue-DkpHe1jD.js
OK	3203	https://ai.machind.cloud/assets/table-report-selected-DhQt8g_t.js	assets/table-report-selected-DhQt8g_t.js
OK	10108	https://ai.machind.cloud/assets/Tag-CAfWKiXJ.js	assets/Tag-CAfWKiXJ.js
OK	12081	https://ai.machind.cloud/assets/TextArea-BO4t51Wu.js	assets/TextArea-BO4t51Wu.js
OK	5695	https://ai.machind.cloud/assets/text-Kt-VzrBe.js	assets/text-Kt-VzrBe.js
OK	13356	https://ai.machind.cloud/assets/thumbs-down-DibJFtDK.js	assets/thumbs-down-DibJFtDK.js
OK	2636	https://ai.machind.cloud/assets/thumbs-up-D_HK8sYO.js	assets/thumbs-up-D_HK8sYO.js
OK	6793	https://ai.machind.cloud/assets/tips-BH2LXfdc.js	assets/tips-BH2LXfdc.js
OK	119	https://ai.machind.cloud/assets/tips-QAWQgB_K.css	assets/tips-QAWQgB_K.css
OK	1112	https://ai.machind.cloud/assets/Tooltip-CDptqXi3.js	assets/Tooltip-CDptqXi3.js
OK	2446	https://ai.machind.cloud/assets/top-left-BOyo_Fw9.js	assets/top-left-BOyo_Fw9.js
OK	2378	https://ai.machind.cloud/assets/to-right-5VILj-T8.js	assets/to-right-5VILj-T8.js
OK	52658	https://ai.machind.cloud/assets/Upload-B6hyHpGT.js	assets/Upload-B6hyHpGT.js
OK	953	https://ai.machind.cloud/assets/UpOutlined--N4h6-se.js	assets/UpOutlined--N4h6-se.js
OK	258	https://ai.machind.cloud/assets/useBreakpoint-UY2MwH1j.js	assets/useBreakpoint-UY2MwH1j.js
OK	11876	https://ai.machind.cloud/assets/useChatStore-CbeMBiUW.js	assets/useChatStore-CbeMBiUW.js
OK	1193	https://ai.machind.cloud/assets/use-keyboard-BIgZDCDv.js	assets/use-keyboard-BIgZDCDv.js
OK	99723	https://ai.machind.cloud/assets/useKnowledgeStore-C2UO74Mn.js	assets/useKnowledgeStore-C2UO74Mn.js
OK	160	https://ai.machind.cloud/assets/use-merged-state-BVQW9Tqu.js	assets/use-merged-state-BVQW9Tqu.js
OK	477	https://ai.machind.cloud/assets/useMergedState-C9VlzRML.js	assets/useMergedState-C9VlzRML.js
OK	3909	https://ai.machind.cloud/assets/UserBubbleWidget.vue_vue_type_style_index_0_lang-B8Rd544q.js	assets/UserBubbleWidget.vue_vue_type_style_index_0_lang-B8Rd544q.js
OK	3326	https://ai.machind.cloud/assets/UserBubbleWidget.vue_vue_type_style_index_0_lang-BMyouOSP.js	assets/UserBubbleWidget.vue_vue_type_style_index_0_lang-BMyouOSP.js
OK	3749	https://ai.machind.cloud/assets/UserBubbleWidget.vue_vue_type_style_index_0_lang-t9UNH_yo.js	assets/UserBubbleWidget.vue_vue_type_style_index_0_lang-t9UNH_yo.js
OK	319	https://ai.machind.cloud/assets/UserBubbleWidget-B_lfknmV.css	assets/UserBubbleWidget-B_lfknmV.css
OK	1773	https://ai.machind.cloud/assets/UserBubbleWidget-BLY2-ITO.js	assets/UserBubbleWidget-BLY2-ITO.js
OK	1805	https://ai.machind.cloud/assets/UserBubbleWidget-CQCriawq.js	assets/UserBubbleWidget-CQCriawq.js
OK	1805	https://ai.machind.cloud/assets/UserBubbleWidget-DeaiY_cf.js	assets/UserBubbleWidget-DeaiY_cf.js
OK	161	https://ai.machind.cloud/assets/useRefs-D-VS9VmB.js	assets/useRefs-D-VS9VmB.js
OK	1190	https://ai.machind.cloud/assets/userModal-C5V9EvHJ.js	assets/userModal-C5V9EvHJ.js
OK	1022	https://ai.machind.cloud/assets/userModal-D8CYWKi4.css	assets/userModal-D8CYWKi4.css
OK	1063	https://ai.machind.cloud/assets/utils-S24miY83.js	assets/utils-S24miY83.js
OK	921	https://ai.machind.cloud/assets/v4-C6aID195.js	assets/v4-C6aID195.js
OK	721	https://ai.machind.cloud/assets/wechat-BPtSO8TY.js	assets/wechat-BPtSO8TY.js
