OK	2418	https://ai.machind.cloud/assets/_basePickBy-Bz6zIVMf.js	assets/_basePickBy-Bz6zIVMf.js
OK	5176	https://ai.machind.cloud/assets/_baseUniq-BjWIg4QQ.js	assets/_baseUniq-BjWIg4QQ.js
OK	7433	https://ai.machind.cloud/assets/account_selected-C1Rp-kIR.png	assets/account_selected-C1Rp-kIR.png
OK	7213	https://ai.machind.cloud/assets/account-DS3A17kF.png	assets/account-DS3A17kF.png
OK	74834	https://ai.machind.cloud/assets/ai_icon-BLmN7qi3.png	assets/ai_icon-BLmN7qi3.png
OK	3424	https://ai.machind.cloud/assets/arc-CaC-ZNgV.js	assets/arc-CaC-ZNgV.js
OK	150686	https://ai.machind.cloud/assets/architectureDiagram-VXUJARFQ-4ZjCtwRC.js	assets/architectureDiagram-VXUJARFQ-4ZjCtwRC.js
OK	215095	https://ai.machind.cloud/assets/avatarSvg-JwWw7vYE.svg	assets/avatarSvg-JwWw7vYE.svg
OK	34092	https://ai.machind.cloud/assets/bg1-B-1KpEYZ.png	assets/bg1-B-1KpEYZ.png
OK	110369	https://ai.machind.cloud/assets/bg-CD1xkEaM.png	assets/bg-CD1xkEaM.png
OK	173408	https://ai.machind.cloud/assets/bg-CVaPyr1P.png	assets/bg-CVaPyr1P.png
OK	26755	https://ai.machind.cloud/assets/bg-CWq5MRz-.png	assets/bg-CWq5MRz-.png
OK	37966	https://ai.machind.cloud/assets/bgHover-BFRlB2z3.png	assets/bgHover-BFRlB2z3.png
OK	239909	https://ai.machind.cloud/assets/bg-xz3MPFR5.png	assets/bg-xz3MPFR5.png
OK	74984	https://ai.machind.cloud/assets/blockDiagram-VD42YOAC-DxtdaczB.js	assets/blockDiagram-VD42YOAC-DxtdaczB.js
OK	5583	https://ai.machind.cloud/assets/btn-bg-B3b54AbD.png	assets/btn-bg-B3b54AbD.png
OK	127280	https://ai.machind.cloud/assets/bundle-3month-bg-CyDL-43d.png	assets/bundle-3month-bg-CyDL-43d.png
OK	71918	https://ai.machind.cloud/assets/c4Diagram-YG6GDRKO-BY3yReoz.js	assets/c4Diagram-YG6GDRKO-BY3yReoz.js
OK	5236	https://ai.machind.cloud/assets/card_img-SlVZM36e.png	assets/card_img-SlVZM36e.png
OK	115	https://ai.machind.cloud/assets/channel-CQP5c73H.js	assets/channel-CQP5c73H.js
OK	299	https://ai.machind.cloud/assets/chunk-4BX2VUAB-DywyPqir.js	assets/chunk-4BX2VUAB-DywyPqir.js
OK	237	https://ai.machind.cloud/assets/chunk-55IACEB6-CnMtxmBF.js	assets/chunk-55IACEB6-CnMtxmBF.js
OK	45407	https://ai.machind.cloud/assets/chunk-B4BG7PRW-Dgf-j23g.js	assets/chunk-B4BG7PRW-Dgf-j23g.js
OK	36801	https://ai.machind.cloud/assets/chunk-DI55MBZ5-Cy2KmL05.js	assets/chunk-DI55MBZ5-Cy2KmL05.js
OK	368	https://ai.machind.cloud/assets/chunk-FMBD7UC4-BX_xb58E.js	assets/chunk-FMBD7UC4-BX_xb58E.js
OK	534	https://ai.machind.cloud/assets/chunk-QN33PNHL-CjpyLaRl.js	assets/chunk-QN33PNHL-CjpyLaRl.js
OK	195	https://ai.machind.cloud/assets/chunk-QZHKN3VN-B9gMnjOf.js	assets/chunk-QZHKN3VN-B9gMnjOf.js
OK	1439	https://ai.machind.cloud/assets/chunk-TZMSLE5B-BD9Q2DLK.js	assets/chunk-TZMSLE5B-BD9Q2DLK.js
OK	2194	https://ai.machind.cloud/assets/classDiagram-2ON5EDUG-HITSXzJX.js	assets/classDiagram-2ON5EDUG-HITSXzJX.js
OK	2194	https://ai.machind.cloud/assets/classDiagram-v2-WZHVMYZB-HITSXzJX.js	assets/classDiagram-v2-WZHVMYZB-HITSXzJX.js
OK	96	https://ai.machind.cloud/assets/clone-Dj9s3j3Z.js	assets/clone-Dj9s3j3Z.js
OK	4598	https://ai.machind.cloud/assets/compute-BUx5Hv6g.png	assets/compute-BUx5Hv6g.png
OK	83383	https://ai.machind.cloud/assets/cose-bilkent-S5V4N54A-BQy6kgv1.js	assets/cose-bilkent-S5V4N54A-BQy6kgv1.js
OK	13944	https://ai.machind.cloud/assets/create-Cm6PTC0K.png	assets/create-Cm6PTC0K.png
OK	8822	https://ai.machind.cloud/assets/crown-B4c4Jyw-.png	assets/crown-B4c4Jyw-.png
OK	442413	https://ai.machind.cloud/assets/cytoscape.esm-CyJtwmzi.js	assets/cytoscape.esm-CyJtwmzi.js
OK	13124	https://ai.machind.cloud/assets/dagre-6UL2VRFP-BitcJeQO.js	assets/dagre-6UL2VRFP-BitcJeQO.js
OK	4813	https://ai.machind.cloud/assets/deepThink-B08DTCTn.svg	assets/deepThink-B08DTCTn.svg
OK	4923	https://ai.machind.cloud/assets/deepThink-C-P0pVzJ.svg	assets/deepThink-C-P0pVzJ.svg
OK	4813	https://ai.machind.cloud/assets/deepThinkLight-Bhw_V7yp.svg	assets/deepThinkLight-Bhw_V7yp.svg
OK	97501	https://ai.machind.cloud/assets/default-DJmjUcDl.png	assets/default-DJmjUcDl.png
OK	4688	https://ai.machind.cloud/assets/defaultLocale-DX6XiGOO.js	assets/defaultLocale-DX6XiGOO.js
OK	4481	https://ai.machind.cloud/assets/defaultModel-DQU5Q0da.png	assets/defaultModel-DQU5Q0da.png
OK	17845	https://ai.machind.cloud/assets/diagram-PSM6KHXK-CZqMUv3J.js	assets/diagram-PSM6KHXK-CZqMUv3J.js
OK	7914	https://ai.machind.cloud/assets/diagram-QEK2KX5R-CZPHj0mE.js	assets/diagram-QEK2KX5R-CZPHj0mE.js
OK	6195	https://ai.machind.cloud/assets/diagram-S2PKOQOG-CWmR5mWa.js	assets/diagram-S2PKOQOG-CWmR5mWa.js
OK	369989	https://ai.machind.cloud/assets/dir-ixjeagmv.svg	assets/dir-ixjeagmv.svg
OK	76733	https://ai.machind.cloud/assets/dot-Czlzh9yK.png	assets/dot-Czlzh9yK.png
OK	45633	https://ai.machind.cloud/assets/drawerBg-DppXUhbK.png	assets/drawerBg-DppXUhbK.png
OK	616919	https://ai.machind.cloud/assets/empty-B1LuvAl8.svg	assets/empty-B1LuvAl8.svg
OK	23318	https://ai.machind.cloud/assets/empty-DOmSoMq6.svg	assets/empty-DOmSoMq6.svg
OK	27100	https://ai.machind.cloud/assets/erDiagram-Q2GNP2WA-D4-oAr5H.js	assets/erDiagram-Q2GNP2WA-D4-oAr5H.js
OK	70347	https://ai.machind.cloud/assets/expertBg-HPx3mCrC.png	assets/expertBg-HPx3mCrC.png
OK	15475	https://ai.machind.cloud/assets/fail-Ce0rFtwN.png	assets/fail-Ce0rFtwN.png
OK	5786	https://ai.machind.cloud/assets/feedback_selected-2nxHAKth.png	assets/feedback_selected-2nxHAKth.png
OK	5756	https://ai.machind.cloud/assets/feedback-mKMRNVS7.png	assets/feedback-mKMRNVS7.png
OK	4961	https://ai.machind.cloud/assets/file_default-DxyKCWKw.png	assets/file_default-DxyKCWKw.png
OK	370442	https://ai.machind.cloud/assets/file-P-PkX3s4.svg	assets/file-P-PkX3s4.svg
OK	62872	https://ai.machind.cloud/assets/flowDiagram-NV44I4VS-DBup3vV5.js	assets/flowDiagram-NV44I4VS-DBup3vV5.js
OK	386284	https://ai.machind.cloud/assets/folder-C2noe9gw.svg	assets/folder-C2noe9gw.svg
OK	11241	https://ai.machind.cloud/assets/fuc-BMjS_uf8.png	assets/fuc-BMjS_uf8.png
OK	70029	https://ai.machind.cloud/assets/ganttDiagram-JELNMOA3-Bq3-THG6.js	assets/ganttDiagram-JELNMOA3-Bq3-THG6.js
OK	26584	https://ai.machind.cloud/assets/gitGraphDiagram-V2S2FVAM-CrPISu-K.js	assets/gitGraphDiagram-V2S2FVAM-CrPISu-K.js
OK	5992	https://ai.machind.cloud/assets/graph-R2tPjzBD.js	assets/graph-R2tPjzBD.js
OK	5415720	https://ai.machind.cloud/assets/home-bg-ollBwzTv.png	assets/home-bg-ollBwzTv.png
OK	229782	https://ai.machind.cloud/assets/hover-DMocU_Wg.png	assets/hover-DMocU_Wg.png
OK	5479	https://ai.machind.cloud/assets/icon-pdf-BDS7M8Fu.png	assets/icon-pdf-BDS7M8Fu.png
OK	159883	https://ai.machind.cloud/assets/index.es-CWzDEvGf.js	assets/index.es-CWzDEvGf.js
OK	2543	https://ai.machind.cloud/assets/infoDiagram-HS3SLOUP-B0tenSb6.js	assets/infoDiagram-HS3SLOUP-B0tenSb6.js
OK	147	https://ai.machind.cloud/assets/init-Gi6I4Gst.js	assets/init-Gi6I4Gst.js
OK	126096	https://ai.machind.cloud/assets/journalBg-tXw-Zv0b.png	assets/journalBg-tXw-Zv0b.png
OK	25317	https://ai.machind.cloud/assets/journeyDiagram-XKPGCS4Q-CvnS5JUn.js	assets/journeyDiagram-XKPGCS4Q-CvnS5JUn.js
OK	22365	https://ai.machind.cloud/assets/kanban-definition-3W4ZIXB7-CCYGpNm_.js	assets/kanban-definition-3W4ZIXB7-CCYGpNm_.js
OK	563	https://ai.machind.cloud/assets/KaTeX_AMS-Regular-BQhdFMY1.woff	assets/KaTeX_AMS-Regular-BQhdFMY1.woff
OK	33516	https://ai.machind.cloud/assets/KaTeX_AMS-Regular-DMm9YOAa.woff	assets/KaTeX_AMS-Regular-DMm9YOAa.woff
OK	63632	https://ai.machind.cloud/assets/KaTeX_AMS-Regular-DRggAlZN.ttf	assets/KaTeX_AMS-Regular-DRggAlZN.ttf
OK	12368	https://ai.machind.cloud/assets/KaTeX_Caligraphic-Bold-ATXxdsX0.ttf	assets/KaTeX_Caligraphic-Bold-ATXxdsX0.ttf
OK	7716	https://ai.machind.cloud/assets/KaTeX_Caligraphic-Bold-BEiXGLvX.woff	assets/KaTeX_Caligraphic-Bold-BEiXGLvX.woff
OK	563	https://ai.machind.cloud/assets/KaTeX_Caligraphic-Bold-Dq_IR9rO.woff	assets/KaTeX_Caligraphic-Bold-Dq_IR9rO.woff
OK	7656	https://ai.machind.cloud/assets/KaTeX_Caligraphic-Regular-CTRA-rTL.woff	assets/KaTeX_Caligraphic-Regular-CTRA-rTL.woff
OK	563	https://ai.machind.cloud/assets/KaTeX_Caligraphic-Regular-Di6jR-x-.woff	assets/KaTeX_Caligraphic-Regular-Di6jR-x-.woff
OK	12344	https://ai.machind.cloud/assets/KaTeX_Caligraphic-Regular-wX97UBjC.ttf	assets/KaTeX_Caligraphic-Regular-wX97UBjC.ttf
OK	19584	https://ai.machind.cloud/assets/KaTeX_Fraktur-Bold-BdnERNNW.ttf	assets/KaTeX_Fraktur-Bold-BdnERNNW.ttf
OK	13296	https://ai.machind.cloud/assets/KaTeX_Fraktur-Bold-BsDP51OF.woff	assets/KaTeX_Fraktur-Bold-BsDP51OF.woff
OK	563	https://ai.machind.cloud/assets/KaTeX_Fraktur-Bold-CL6g_b3V.woff	assets/KaTeX_Fraktur-Bold-CL6g_b3V.woff
OK	19572	https://ai.machind.cloud/assets/KaTeX_Fraktur-Regular-CB_wures.ttf	assets/KaTeX_Fraktur-Regular-CB_wures.ttf
OK	563	https://ai.machind.cloud/assets/KaTeX_Fraktur-Regular-CTYiF6lA.woff	assets/KaTeX_Fraktur-Regular-CTYiF6lA.woff
OK	13208	https://ai.machind.cloud/assets/KaTeX_Fraktur-Regular-Dxdc4cR9.woff	assets/KaTeX_Fraktur-Regular-Dxdc4cR9.woff
OK	563	https://ai.machind.cloud/assets/KaTeX_Main-Bold-Cx986IdX.woff	assets/KaTeX_Main-Bold-Cx986IdX.woff
OK	563	https://ai.machind.cloud/assets/KaTeX_Main-BoldItalic-DxDJ3AOS.woff	assets/KaTeX_Main-BoldItalic-DxDJ3AOS.woff
OK	32968	https://ai.machind.cloud/assets/KaTeX_Main-BoldItalic-DzxPMmG6.ttf	assets/KaTeX_Main-BoldItalic-DzxPMmG6.ttf
OK	19412	https://ai.machind.cloud/assets/KaTeX_Main-BoldItalic-SpSLRI95.woff	assets/KaTeX_Main-BoldItalic-SpSLRI95.woff
OK	29912	https://ai.machind.cloud/assets/KaTeX_Main-Bold-Jm3AIy58.woff	assets/KaTeX_Main-Bold-Jm3AIy58.woff
OK	51336	https://ai.machind.cloud/assets/KaTeX_Main-Bold-waoOVXN0.ttf	assets/KaTeX_Main-Bold-waoOVXN0.ttf
OK	33580	https://ai.machind.cloud/assets/KaTeX_Main-Italic-3WenGoN9.ttf	assets/KaTeX_Main-Italic-3WenGoN9.ttf
OK	19676	https://ai.machind.cloud/assets/KaTeX_Main-Italic-BMLOBm91.woff	assets/KaTeX_Main-Italic-BMLOBm91.woff
OK	563	https://ai.machind.cloud/assets/KaTeX_Main-Italic-NWA7e6Wa.woff	assets/KaTeX_Main-Italic-NWA7e6Wa.woff
OK	563	https://ai.machind.cloud/assets/KaTeX_Main-Regular-B22Nviop.woff	assets/KaTeX_Main-Regular-B22Nviop.woff
OK	30772	https://ai.machind.cloud/assets/KaTeX_Main-Regular-Dr94JaBh.woff	assets/KaTeX_Main-Regular-Dr94JaBh.woff
OK	53580	https://ai.machind.cloud/assets/KaTeX_Main-Regular-ypZvNtVU.ttf	assets/KaTeX_Main-Regular-ypZvNtVU.ttf
OK	31196	https://ai.machind.cloud/assets/KaTeX_Math-BoldItalic-B3XSjfu4.ttf	assets/KaTeX_Math-BoldItalic-B3XSjfu4.ttf
OK	563	https://ai.machind.cloud/assets/KaTeX_Math-BoldItalic-CZnvNsCZ.woff	assets/KaTeX_Math-BoldItalic-CZnvNsCZ.woff
OK	18668	https://ai.machind.cloud/assets/KaTeX_Math-BoldItalic-iY-2wyZ7.woff	assets/KaTeX_Math-BoldItalic-iY-2wyZ7.woff
OK	18748	https://ai.machind.cloud/assets/KaTeX_Math-Italic-DA0__PXp.woff	assets/KaTeX_Math-Italic-DA0__PXp.woff
OK	31308	https://ai.machind.cloud/assets/KaTeX_Math-Italic-flOr_0UB.ttf	assets/KaTeX_Math-Italic-flOr_0UB.ttf
OK	563	https://ai.machind.cloud/assets/KaTeX_Math-Italic-t53AETM-.woff	assets/KaTeX_Math-Italic-t53AETM-.woff
OK	24504	https://ai.machind.cloud/assets/KaTeX_SansSerif-Bold-CFMepnvq.ttf	assets/KaTeX_SansSerif-Bold-CFMepnvq.ttf
OK	563	https://ai.machind.cloud/assets/KaTeX_SansSerif-Bold-D1sUS0GD.woff	assets/KaTeX_SansSerif-Bold-D1sUS0GD.woff
OK	14408	https://ai.machind.cloud/assets/KaTeX_SansSerif-Bold-DbIhKOiC.woff	assets/KaTeX_SansSerif-Bold-DbIhKOiC.woff
OK	563	https://ai.machind.cloud/assets/KaTeX_SansSerif-Italic-C3H0VqGB.woff	assets/KaTeX_SansSerif-Italic-C3H0VqGB.woff
OK	14112	https://ai.machind.cloud/assets/KaTeX_SansSerif-Italic-DN2j7dab.woff	assets/KaTeX_SansSerif-Italic-DN2j7dab.woff
OK	22364	https://ai.machind.cloud/assets/KaTeX_SansSerif-Italic-YYjJ1zSn.ttf	assets/KaTeX_SansSerif-Italic-YYjJ1zSn.ttf
OK	19436	https://ai.machind.cloud/assets/KaTeX_SansSerif-Regular-BNo7hRIc.ttf	assets/KaTeX_SansSerif-Regular-BNo7hRIc.ttf
OK	12316	https://ai.machind.cloud/assets/KaTeX_SansSerif-Regular-CS6fqUqJ.woff	assets/KaTeX_SansSerif-Regular-CS6fqUqJ.woff
OK	563	https://ai.machind.cloud/assets/KaTeX_SansSerif-Regular-DDBCnlJ7.woff	assets/KaTeX_SansSerif-Regular-DDBCnlJ7.woff
OK	16648	https://ai.machind.cloud/assets/KaTeX_Script-Regular-C5JkGWo-.ttf	assets/KaTeX_Script-Regular-C5JkGWo-.ttf
OK	563	https://ai.machind.cloud/assets/KaTeX_Script-Regular-D3wIWfF6.woff	assets/KaTeX_Script-Regular-D3wIWfF6.woff
OK	10588	https://ai.machind.cloud/assets/KaTeX_Script-Regular-D5yQViql.woff	assets/KaTeX_Script-Regular-D5yQViql.woff
OK	6496	https://ai.machind.cloud/assets/KaTeX_Size1-Regular-C195tn64.woff	assets/KaTeX_Size1-Regular-C195tn64.woff
OK	12228	https://ai.machind.cloud/assets/KaTeX_Size1-Regular-Dbsnue_I.ttf	assets/KaTeX_Size1-Regular-Dbsnue_I.ttf
OK	563	https://ai.machind.cloud/assets/KaTeX_Size1-Regular-mCD8mA8B.woff	assets/KaTeX_Size1-Regular-mCD8mA8B.woff
OK	11508	https://ai.machind.cloud/assets/KaTeX_Size2-Regular-B7gKUWhC.ttf	assets/KaTeX_Size2-Regular-B7gKUWhC.ttf
OK	563	https://ai.machind.cloud/assets/KaTeX_Size2-Regular-Dy4dx90m.woff	assets/KaTeX_Size2-Regular-Dy4dx90m.woff
OK	6188	https://ai.machind.cloud/assets/KaTeX_Size2-Regular-oD1tc_U0.woff	assets/KaTeX_Size2-Regular-oD1tc_U0.woff
OK	4420	https://ai.machind.cloud/assets/KaTeX_Size3-Regular-CTq5MqoE.woff	assets/KaTeX_Size3-Regular-CTq5MqoE.woff
OK	7588	https://ai.machind.cloud/assets/KaTeX_Size3-Regular-DgpXs0kz.ttf	assets/KaTeX_Size3-Regular-DgpXs0kz.ttf
OK	5980	https://ai.machind.cloud/assets/KaTeX_Size4-Regular-BF-4gkZK.woff	assets/KaTeX_Size4-Regular-BF-4gkZK.woff
OK	563	https://ai.machind.cloud/assets/KaTeX_Size4-Regular-Dl5lxZxV.woff	assets/KaTeX_Size4-Regular-Dl5lxZxV.woff
OK	10364	https://ai.machind.cloud/assets/KaTeX_Size4-Regular-DWFBv043.ttf	assets/KaTeX_Size4-Regular-DWFBv043.ttf
OK	16028	https://ai.machind.cloud/assets/KaTeX_Typewriter-Regular-C0xS9mPB.woff	assets/KaTeX_Typewriter-Regular-C0xS9mPB.woff
OK	563	https://ai.machind.cloud/assets/KaTeX_Typewriter-Regular-CO6r4hn1.woff	assets/KaTeX_Typewriter-Regular-CO6r4hn1.woff
OK	27556	https://ai.machind.cloud/assets/KaTeX_Typewriter-Regular-D3Ib7_Hf.ttf	assets/KaTeX_Typewriter-Regular-D3Ib7_Hf.ttf
OK	27450	https://ai.machind.cloud/assets/layout-CxKQhfau.js	assets/layout-CxKQhfau.js
OK	5663	https://ai.machind.cloud/assets/linear-Bg00-DxS.js	assets/linear-Bg00-DxS.js
OK	9402	https://ai.machind.cloud/assets/menu-active-rm7QyCpM.png	assets/menu-active-rm7QyCpM.png
OK	9202	https://ai.machind.cloud/assets/menu-DHrvw9y-.png	assets/menu-DHrvw9y-.png
OK	6997	https://ai.machind.cloud/assets/menu-logo-ClJ_qBU3.png	assets/menu-logo-ClJ_qBU3.png
OK	21892	https://ai.machind.cloud/assets/mindmap-definition-VGOIOE7T-D80nsAee.js	assets/mindmap-definition-VGOIOE7T-D80nsAee.js
OK	199964	https://ai.machind.cloud/assets/model-bg-CydG_Wly.png	assets/model-bg-CydG_Wly.png
OK	8578	https://ai.machind.cloud/assets/model-company-Bg8RbbKE.png	assets/model-company-Bg8RbbKE.png
OK	124931	https://ai.machind.cloud/assets/model-detail-CFSB3MQv.png	assets/model-detail-CFSB3MQv.png
OK	54711	https://ai.machind.cloud/assets/model-select-CToE6x9x.png	assets/model-select-CToE6x9x.png
OK	6173	https://ai.machind.cloud/assets/order-R9Hd11vg.svg	assets/order-R9Hd11vg.svg
OK	1189	https://ai.machind.cloud/assets/ordinal-Cboi1Yqb.js	assets/ordinal-Cboi1Yqb.js
OK	10732	https://ai.machind.cloud/assets/params-BDRCsH7n.png	assets/params-BDRCsH7n.png
OK	7117	https://ai.machind.cloud/assets/pieDiagram-ADFJNKIX-BgWs-mlN.js	assets/pieDiagram-ADFJNKIX-BgWs-mlN.js
OK	10753	https://ai.machind.cloud/assets/qa-CUBGwkcB.png	assets/qa-CUBGwkcB.png
OK	36083	https://ai.machind.cloud/assets/quadrantDiagram-AYHSOK5B-C7Bd6liL.js	assets/quadrantDiagram-AYHSOK5B-C7Bd6liL.js
OK	14418	https://ai.machind.cloud/assets/related-DmdnVwfm.png	assets/related-DmdnVwfm.png
OK	32025	https://ai.machind.cloud/assets/requirementDiagram-UZGBJVZJ-CRFRoPCQ.js	assets/requirementDiagram-UZGBJVZJ-CRFRoPCQ.js
OK	605595	https://ai.machind.cloud/assets/robot-fKQGr1RI.gif	assets/robot-fKQGr1RI.gif
OK	23996	https://ai.machind.cloud/assets/sankeyDiagram-TZEHDZUN-CUpcspGs.js	assets/sankeyDiagram-TZEHDZUN-CUpcspGs.js
OK	99895	https://ai.machind.cloud/assets/sequenceDiagram-WL72ISMW-C6aX58II.js	assets/sequenceDiagram-WL72ISMW-C6aX58II.js
OK	15560	https://ai.machind.cloud/assets/sk-qrcode-DbCqd_kw.png	assets/sk-qrcode-DbCqd_kw.png
OK	8875	https://ai.machind.cloud/assets/standard-CoK4IlSW.png	assets/standard-CoK4IlSW.png
OK	12244	https://ai.machind.cloud/assets/stateDiagram-FKZM4ZOC-B8y8we5b.js	assets/stateDiagram-FKZM4ZOC-B8y8we5b.js
OK	2160	https://ai.machind.cloud/assets/stateDiagram-v2-4FDKWEC3-piwhbZ0G.js	assets/stateDiagram-v2-4FDKWEC3-piwhbZ0G.js
OK	563	https://ai.machind.cloud/assets/subscribe/bundle-card-bg.png	assets/subscribe/bundle-card-bg.png
OK	48027	https://ai.machind.cloud/assets/subscribeBg-BjsG97i8.png	assets/subscribeBg-BjsG97i8.png
OK	1261015	https://ai.machind.cloud/assets/subscription-bg-CKwNo63I.png	assets/subscription-bg-CKwNo63I.png
OK	31035	https://ai.machind.cloud/assets/successBg1-BoRc6uEg.png	assets/successBg1-BoRc6uEg.png
OK	26463	https://ai.machind.cloud/assets/success-CkkhuObW.png	assets/success-CkkhuObW.png
OK	25489	https://ai.machind.cloud/assets/timeline-definition-IT6M3QCI-BrMf9nge.js	assets/timeline-definition-IT6M3QCI-BrMf9nge.js
OK	4014749	https://ai.machind.cloud/assets/top-left-CXRJukp-.png	assets/top-left-CXRJukp-.png
OK	454693	https://ai.machind.cloud/assets/treemap-GDKQZRPO-BlxmSmMP.js	assets/treemap-GDKQZRPO-BlxmSmMP.js
OK	518700	https://ai.machind.cloud/assets/user-banner-bg-CqxORh_P.png	assets/user-banner-bg-CqxORh_P.png
OK	212112	https://ai.machind.cloud/assets/userBg-dOv3lXSk.png	assets/userBg-dOv3lXSk.png
OK	835625	https://ai.machind.cloud/assets/vip-banner-bg-BQSY1r35.png	assets/vip-banner-bg-BQSY1r35.png
OK	9194	https://ai.machind.cloud/assets/warning-B3-88EOD.png	assets/warning-B3-88EOD.png
OK	41970	https://ai.machind.cloud/assets/xychartDiagram-PRI3JC2R-j6Cj1Ngd.js	assets/xychartDiagram-PRI3JC2R-j6Cj1Ngd.js
OK	20876	https://ai.machind.cloud/assets/yellow-CHUS8Xes.png	assets/yellow-CHUS8Xes.png
OK	1563	https://res.wx.qq.com/connect/zh_CN/htmledition/js/wxLogin.js	external/res.wx.qq.com/connect/zh_CN/htmledition/js/wxLogin.js
